{"cameraMode":{"drawMode":0,"name":"Shaded","section":"Shading Mode"},"sceneLighting":true,"audioPlay":false,"sceneViewState":{"showFog":true,"showMaterialUpdate":true,"showSkybox":true,"showFlares":true,"showImageEffects":true,"showParticleSystems":true},"in2DMode":false,"pivot":{"x":182.63015747070313,"y":271.8682556152344,"z":-264.446044921875},"rotation":{"x":-0.05091860890388489,"y":-0.048831790685653689,"z":-0.0025061550550162794,"w":0.9975120425224304},"size":479.1346435546875,"orthographic":true}