{"cameraMode":{"drawMode":0,"name":"Shaded","section":"Shading Mode"},"sceneLighting":false,"audioPlay":false,"sceneViewState":{"showFog":false,"showMaterialUpdate":false,"showSkybox":false,"showFlares":false,"showImageEffects":false,"showParticleSystems":false},"in2DMode":false,"pivot":{"x":-0.31772491335868838,"y":2.1489334106445314,"z":-5.779045104980469},"rotation":{"x":-0.45388108491897585,"y":0.024851301684975625,"z":-0.012668570503592492,"w":-0.8906360864639282},"size":2.569329261779785,"orthographic":false}